cid,gender
0,
1,
2,
3,
4,
5,
6,
7,
8,
9,
10,
11,
12,
13,
14,
15,
16,
17,
18,
19,
20,
21,
22,
23,
24,
25,
26,
27,
28,
29,
30,
31,
32,
33,
34,
35,
36,
37,
38,
39,
40,
41,
42,
43,
44,
45,
46,
47,
48,
49,
50,
51,
52,
53,
54,
55,
56,
57,
58,
59,
60,
61,
62,
63,
64,
65,
66,
67,
68,
69,
70,
71,
72,
73,
74,
75,
76,
77,
78,
79,
80,
81,
82,
83,
84,
85,
86,
87,
88,
89,
90,
91,
92,
93,
94,
95,
96,
97,
98,
99,
100,
101,
102,
103,
104,
105,
106,
107,
108,
109,
110,
111,
112,
113,
114,
115,
116,
117,
118,
119,
120,
121,
122,
123,
124,
125,
126,
127,
128,
129,
130,
131,
132,
133,
134,
135,
136,
137,
138,
139,
140,
141,
142,
143,
144,
145,
146,
147,
148,
149,
150,
151,
152,
153,
154,
155,
156,
157,
158,
159,
160,
161,
162,
163,
164,
165,
166,
167,
168,
169,
170,
171,
172,
173,
174,
175,
176,
177,
178,
179,
180,
181,
182,
183,
184,
185,
186,
187,
188,
189,
190,
191,
192,
193,
194,
195,
196,
197,
198,
199,
200,
201,
202,
203,
204,
205,
206,
207,
208,
209,
210,
211,
212,
213,
214,
215,
216,
217,
218,
219,
220,
221,
222,
223,
224,
225,
226,
227,
228,
229,
230,
231,
232,
233,
234,
235,
236,
237,
238,
239,
240,
241,
242,
243,
244,
245,
246,
247,
248,
249,
250,
251,
252,
253,
254,
255,
256,
257,
258,
259,
260,
261,
262,
263,
264,
265,
266,
267,
268,
269,
270,
271,
272,
273,
274,
275,
276,
277,
278,
279,
280,
281,
282,
283,
284,
285,
286,
287,
288,
289,
290,
291,
292,
293,
294,
295,
296,
297,
298,
299,
300,
301,
302,
303,
304,
305,
306,
307,
308,
309,
310,
311,
312,
313,
314,
315,
316,
317,
318,
319,
320,
321,
322,
323,
324,
325,
326,
327,
328,
329,
330,
331,
332,
333,
334,
335,
336,
337,
338,
339,
340,
341,
342,
343,
344,
345,
346,
347,
348,
349,
350,
351,
352,
353,
354,
355,
356,
357,
358,
359,
360,
361,
362,
363,
364,
365,
366,
367,
368,
369,
370,
371,
372,
373,
374,
375,
376,
377,
378,
379,
380,
381,
382,
383,
384,
385,
386,
387,
388,
389,
390,
391,
392,
393,
394,
395,
396,
397,
398,
399,
400,
401,
402,
403,
404,
405,
406,
407,
408,
409,
410,
411,
412,
413,
414,
415,
416,
417,
418,
419,
420,
421,
422,
423,
424,
425,
426,
427,
428,
429,
430,
431,
432,
433,
434,
435,
436,
437,
438,
439,
440,
441,
442,
443,
444,
445,
446,
447,
448,
449,
450,
451,
452,
453,
454,
455,
456,
457,
458,
459,
460,
461,
462,
463,
464,
465,
466,
467,
468,
469,
470,
471,
472,
473,
474,
475,
476,
477,
478,
479,
480,
481,
482,
483,
484,
485,
486,
487,
488,
489,
490,
491,
492,
493,
494,
495,
496,
497,
498,
499,
500,
501,
502,
503,
504,
505,
506,
507,
508,
509,
510,
511,
512,
513,
514,
515,
516,
517,
518,
519,
520,
521,
522,
523,
524,
525,
526,
527,
528,
529,
530,
531,
532,
533,
534,
535,
536,
537,
538,
539,
540,
541,
542,
543,
544,
545,
546,
547,
548,
549,
550,
551,
552,
553,
554,
555,
556,
557,
558,
559,
560,
561,
562,
563,
564,
565,
566,
567,
568,
569,
570,
571,
572,
573,
574,
575,
576,
577,
578,
579,
580,
581,
582,
583,
584,
585,
586,
587,
588,
589,
590,
591,
592,
593,
594,
595,
596,
597,
598,
599,
600,
601,
602,
603,
604,
605,
606,
607,
608,
609,
610,
611,
612,
613,
614,
615,
616,
617,
618,
619,
620,
621,
622,
623,
624,
625,
626,
627,
628,
629,
630,
631,
632,
633,
634,
635,
636,
637,
638,
639,
640,
641,
642,
643,
644,
645,
646,
647,
648,
649,
650,
651,
652,
653,
654,
655,
656,
657,
658,
659,
660,
661,
662,
663,
664,
665,
666,
667,
668,
669,
670,
671,
672,
673,
674,
675,
676,
677,
678,
679,
680,
681,
682,
683,
684,
685,
686,
687,
688,
689,
690,
691,
692,
693,
694,
695,
696,
697,
698,
699,
700,
701,
702,
703,
704,
705,
706,
707,
708,
709,
710,
711,
712,
713,
714,
715,
716,
717,
718,
719,
720,
721,
722,
723,
724,
725,
726,
727,
728,
729,
730,
731,
732,
733,
734,
735,
736,
737,
738,
739,
740,
741,
742,
743,
744,
745,
746,
747,
748,
749,
750,
751,
752,
753,
754,
755,
756,
757,
758,
759,
760,
761,
762,
763,
764,
765,
766,
767,
768,
769,
770,
771,
772,
773,
774,
775,
776,
777,
778,
779,
780,
781,
782,
783,
784,
785,
786,
787,
788,
789,
790,
791,
792,
793,
794,
795,
796,
797,
798,
799,
800,
801,
802,
803,
804,
805,
806,
807,
808,
809,
810,
811,
812,
813,
814,
815,
816,
817,
818,
819,
820,
821,
822,
823,
824,
825,
826,
827,
828,
829,
830,
831,
832,
833,
834,
835,
836,
837,
838,
839,
840,
841,
842,
843,
844,
845,
846,
847,
848,
849,
850,
851,
852,
853,
854,
855,
856,
857,
858,
859,
860,
861,
862,
863,
864,
865,
866,
867,
868,
869,
870,
871,
872,
873,
874,
875,
876,
877,
878,
879,
880,
881,
882,
883,
884,
885,
886,
887,
888,
889,
890,
891,
892,
893,
894,
895,
896,
897,
898,
899,
900,
901,
902,
903,
904,
905,
906,
907,
908,
909,
910,
911,
912,
913,
914,
915,
916,
917,
918,
919,
920,
921,
922,
923,
924,
925,
926,
927,
928,
929,
930,
931,
932,
933,
934,
935,
936,
937,
938,
939,
940,
941,
942,
943,
944,
945,
946,
947,
948,
949,
950,
951,
952,
953,
954,
955,
956,
957,
958,
959,
960,
961,
962,
963,
964,
965,
966,
967,
968,
969,
970,
971,
972,
973,
974,
975,
976,
977,
978,
979,
980,
981,
982,
983,
984,
985,
986,
987,
988,
989,
990,
991,
992,
993,
994,
995,
996,
997,
998,
999,
1000,
1001,
1002,
1003,
1004,
1005,
1006,
1007,
1008,
1009,
1010,
1011,
1012,
1013,
1014,
1015,
1016,
1017,
1018,
1019,
1020,
1021,
1022,
1023,
1024,
1025,
1026,
1027,
1028,
1029,
1030,
1031,
1032,
1033,
1034,
1035,
1036,
1037,
1038,
1039,
1040,
1041,
1042,
1043,
1044,
1045,
1046,
1047,
1048,
1049,
1050,
1051,
1052,
1053,
1054,
1055,
1056,
1057,
1058,
1059,
1060,
1061,
1062,
1063,
1064,
1065,
1066,
1067,
1068,
1069,
1070,
1071,
1072,
1073,
1074,
1075,
1076,
1077,
1078,
1079,
1080,
1081,
1082,
1083,
1084,
1085,
1086,
1087,
1088,
1089,
1090,
1091,
1092,
1093,
1094,
1095,
1096,
1097,
1098,
1099,
1100,
1101,
1102,
1103,
1104,
1105,
1106,
1107,
1108,
1109,
1110,
1111,
1112,
1113,
1114,
1115,
1116,
1117,
1118,
1119,
1120,
1121,
1122,
1123,
1124,
1125,
1126,
1127,
1128,
1129,
1130,
1131,
1132,
1133,
1134,
1135,
1136,
1137,
1138,
1139,
1140,
1141,
1142,
1143,
1144,
1145,
1146,
1147,
1148,
1149,
1150,
1151,
1152,
1153,
1154,
1155,
1156,
1157,
1158,
1159,
1160,
1161,
1162,
1163,
1164,
1165,
1166,
1167,
1168,
1169,
1170,
1171,
1172,
1173,
1174,
1175,
1176,
1177,
1178,
1179,
1180,
1181,
1182,
1183,
1184,
1185,
1186,
1187,
1188,
1189,
1190,
1191,
1192,
1193,
1194,
1195,
1196,
1197,
1198,
1199,
1200,
1201,
1202,
1203,
1204,
1205,
1206,
1207,
1208,
1209,
1210,
1211,
1212,
1213,
1214,
1215,
1216,
1217,
1218,
1219,
1220,
1221,
1222,
1223,
1224,
1225,
1226,
1227,
1228,
1229,
1230,
1231,
1232,
1233,
1234,
1235,
1236,
1237,
1238,
1239,
1240,
1241,
1242,
1243,
1244,
1245,
1246,
1247,
1248,
1249,
1250,
1251,
1252,
1253,
1254,
1255,
1256,
1257,
1258,
1259,
1260,
1261,
1262,
1263,
1264,
1265,
1266,
1267,
1268,
1269,
1270,
1271,
1272,
1273,
1274,
1275,
1276,
1277,
1278,
1279,
1280,
1281,
1282,
1283,
1284,
1285,
1286,
1287,
1288,
1289,
1290,
1291,
1292,
1293,
1294,
1295,
1296,
1297,
1298,
1299,
1300,
1301,
1302,
1303,
1304,
1305,
1306,
1307,
1308,
1309,
1310,
1311,
1312,
1313,
1314,
1315,
1316,
1317,
1318,
1319,
1320,
1321,
1322,
1323,
1324,
1325,
1326,
1327,
1328,
1329,
1330,
1331,
1332,
1333,
1334,
1335,
1336,
1337,
1338,
1339,
1340,
1341,
1342,
1343,
1344,
1345,
1346,
1347,
1348,
1349,
1350,
1351,
1352,
1353,
1354,
1355,
1356,
1357,
1358,
1359,
1360,
1361,
1362,
1363,
1364,
1365,
1366,
1367,
1368,
1369,
1370,
1371,
1372,
1373,
1374,
1375,
1376,
1377,
1378,
1379,
1380,
1381,
1382,
1383,
1384,
1385,
1386,
1387,
1388,
1389,
1390,
1391,
1392,
1393,
1394,
1395,
1396,
1397,
1398,
1399,
1400,
1401,
1402,
1403,
1404,
1405,
1406,
1407,
1408,
1409,
1410,
1411,
1412,
1413,
1414,
1415,
1416,
1417,
1418,
1419,
1420,
1421,
1422,
1423,
1424,
1425,
1426,
1427,
1428,
1429,
1430,
1431,
1432,
1433,
1434,
1435,
1436,
1437,
1438,
1439,
1440,
1441,
1442,
1443,
1444,
1445,
1446,
1447,
1448,
1449,
1450,
1451,
1452,
1453,
1454,
1455,
1456,
1457,
1458,
1459,
1460,
1461,
1462,
1463,
1464,
1465,
1466,
1467,
1468,
1469,
1470,
1471,
1472,
1473,
1474,
1475,
1476,
1477,
1478,
1479,
1480,
1481,
1482,
1483,
1484,
1485,
1486,
1487,
1488,
1489,
1490,
1491,
1492,
1493,
1494,
1495,
1496,
1497,
1498,
1499,
1500,
1501,
1502,
1503,
1504,
1505,
1506,
1507,
1508,
1509,
1510,
1511,
1512,
1513,
1514,
1515,
1516,
1517,
1518,
1519,
1520,
1521,
1522,
1523,
1524,
1525,
1526,
1527,
1528,
1529,
1530,
1531,
1532,
1533,
1534,
1535,
1536,
1537,
1538,
1539,
1540,
1541,
1542,
1543,
1544,
1545,
1546,
1547,
1548,
1549,
1550,
1551,
1552,
1553,
1554,
1555,
1556,
1557,
1558,
1559,
1560,
1561,
1562,
1563,
1564,
1565,
1566,
1567,
1568,
1569,
1570,
1571,
1572,
1573,
1574,
1575,
1576,
1577,
1578,
1579,
1580,
1581,
1582,
1583,
1584,
1585,
1586,
1587,
1588,
1589,
1590,
1591,
1592,
1593,
1594,
1595,
1596,
1597,
1598,
1599,
1600,
1601,
1602,
1603,
1604,
1605,
1606,
1607,
1608,
1609,
1610,
1611,
1612,
1613,
1614,
1615,
1616,
1617,
1618,
1619,
1620,
1621,
1622,
1623,
1624,
1625,
1626,
1627,
1628,
1629,
1630,
1631,
1632,
1633,
1634,
1635,
1636,
1637,
1638,
1639,
1640,
1641,
1642,
1643,
1644,
1645,
1646,
1647,
1648,
1649,
1650,
1651,
1652,
1653,
1654,
1655,
1656,
1657,
1658,
1659,
1660,
1661,
1662,
1663,
1664,
1665,
1666,
1667,
1668,
1669,
1670,
1671,
1672,
1673,
1674,
1675,
1676,
1677,
1678,
1679,
1680,
1681,
1682,
1683,
1684,
1685,
1686,
1687,
1688,
1689,
1690,
1691,
1692,
1693,
1694,
1695,
1696,
1697,
1698,
1699,
1700,
1701,
1702,
1703,
1704,
1705,
1706,
1707,
1708,
1709,
1710,
1711,
1712,
1713,
1714,
1715,
1716,
1717,
1718,
1719,
1720,
1721,
1722,
1723,
1724,
1725,
1726,
1727,
1728,
1729,
1730,
1731,
1732,
1733,
1734,
1735,
1736,
1737,
1738,
1739,
1740,
1741,
1742,
1743,
1744,
1745,
1746,
1747,
1748,
1749,
1750,
1751,
1752,
1753,
1754,
1755,
1756,
1757,
1758,
1759,
1760,
1761,
1762,
1763,
1764,
1765,
1766,
1767,
1768,
1769,
1770,
1771,
1772,
1773,
1774,
1775,
1776,
1777,
1778,
1779,
1780,
1781,
1782,
1783,
1784,
1785,
1786,
1787,
1788,
1789,
1790,
1791,
1792,
1793,
1794,
1795,
1796,
1797,
1798,
1799,
1800,
1801,
1802,
1803,
1804,
1805,
1806,
1807,
1808,
1809,
1810,
1811,
1812,
1813,
1814,
1815,
1816,
1817,
1818,
1819,
1820,
1821,
1822,
1823,
1824,
1825,
1826,
1827,
1828,
1829,
1830,
1831,
1832,
1833,
1834,
1835,
1836,
1837,
1838,
1839,
1840,
1841,
1842,
1843,
1844,
1845,
1846,
1847,
1848,
1849,
1850,
1851,
1852,
1853,
1854,
1855,
1856,
1857,
1858,
1859,
1860,
1861,
1862,
1863,
1864,
1865,
1866,
1867,
1868,
1869,
1870,
1871,
1872,
1873,
1874,
1875,
1876,
1877,
1878,
1879,
1880,
1881,
1882,
1883,
1884,
1885,
1886,
1887,
1888,
1889,
1890,
1891,
1892,
1893,
1894,
1895,
1896,
1897,
1898,
1899,
1900,
1901,
1902,
1903,
1904,
1905,
1906,
1907,
1908,
1909,
1910,
1911,
1912,
1913,
1914,
1915,
1916,
1917,
1918,
1919,
1920,
1921,
1922,
1923,
1924,
1925,
1926,
1927,
1928,
1929,
1930,
1931,
1932,
1933,
1934,
1935,
1936,
1937,
1938,
1939,
1940,
1941,
1942,
1943,
1944,
1945,
1946,
1947,
1948,
1949,
1950,
1951,
1952,
1953,
1954,
1955,
1956,
1957,
1958,
1959,
1960,
1961,
1962,
1963,
1964,
1965,
1966,
1967,
1968,
1969,
1970,
1971,
1972,
1973,
1974,
1975,
1976,
1977,
1978,
1979,
1980,
1981,
1982,
1983,
1984,
1985,
1986,
1987,
1988,
1989,
1990,
1991,
1992,
1993,
1994,
1995,
1996,
1997,
1998,
1999,
2000,1
2001,0
2002,1
2003,1
2004,0
2005,0
2006,1
2007,0
2008,0
2009,1
2010,1
2011,0
2012,0
2013,0
2014,1
2015,1
2016,0
2017,0
2018,1
2019,1
2020,0
2021,0
2022,1
2023,1
2024,1
2025,0
2026,0
2027,1
2028,0
2029,1
2030,0
2031,0
2032,0
2033,0
2034,1
2035,0
2036,0
2037,0
2038,0
2039,0
2040,0
2041,0
2042,0
2043,0
2044,1
2045,0
2046,1
2047,1
2048,0
2049,0
2050,1
2051,1
2052,1
2053,0
2054,0
2055,0
2056,1
2057,0
2058,1
2059,0
2060,0
2061,1
2062,0
2063,1
2064,0
2065,0
2066,0
2067,1
2068,0
2069,0
2070,0
2071,0
2072,1
2073,0
2074,0
2075,0
2076,1
2077,1
2078,0
2079,1
2080,1
2081,0
2082,0
2083,0
2084,0
2085,1
2086,1
2087,0
2088,0
2089,0
2090,1
2091,1
2092,0
2093,1
2094,1
2095,0
2096,0
2097,1
2098,1
2099,0
2100,1
2101,0
2102,0
2103,1
2104,0
2105,0
2106,0
2107,1
2108,0
2109,1
2110,1
2111,0
2112,0
2113,0
2114,0
2115,1
2116,1
2117,0
2118,0
2119,1
2120,1
2121,0
2122,1
2123,0
2124,0
2125,1
2126,1
2127,1
2128,1
2129,0
2130,1
2131,0
2132,0
2133,1
2134,1
2135,1
2136,0
2137,1
2138,0
2139,1
2140,0
2141,0
2142,1
2143,0
2144,1
2145,1
2146,1
2147,1
2148,0
2149,1
2150,1
2151,1
2152,0
2153,1
2154,0
2155,0
2156,1
2157,1
2158,0
2159,0
2160,1
2161,0
2162,0
2163,0
2164,1
2165,0
2166,0
2167,0
2168,1
2169,0
2170,0
2171,1
2172,0
2173,1
2174,0
2175,1
2176,1
2177,0
2178,1
2179,0
2180,1
2181,1
2182,1
2183,1
2184,1
2185,0
2186,0
2187,0
2188,0
2189,1
2190,0
2191,0
2192,1
2193,1
2194,1
2195,1
2196,1
2197,0
2198,0
2199,1
2200,1
2201,1
2202,1
2203,1
2204,0
2205,0
2206,1
2207,1
2208,1
2209,1
2210,1
2211,0
2212,0
2213,0
2214,0
2215,0
2216,1
2217,1
2218,1
2219,1
2220,0
2221,0
2222,0
2223,0
2224,0
2225,0
2226,0
2227,0
2228,0
2229,1
2230,0
2231,1
2232,1
2233,0
2234,1
2235,1
2236,0
2237,0
2238,0
2239,1
2240,1
2241,0
2242,0
2243,0
2244,0
2245,0
2246,0
2247,1
2248,1
2249,1
2250,1
2251,1
2252,1
2253,1
2254,0
2255,1
2256,1
2257,0
2258,0
2259,1
2260,0
2261,0
2262,0
2263,0
2264,1
2265,0
2266,0
2267,0
2268,1
2269,1
2270,0
2271,0
2272,1
2273,1
2274,1
2275,0
2276,0
2277,0
2278,0
2279,0
2280,0
2281,0
2282,0
2283,0
2284,0
2285,0
2286,0
2287,0
2288,0
2289,0
2290,0
2291,1
2292,1
2293,1
2294,1
2295,1
2296,0
2297,0
2298,0
2299,0
2300,0
2301,0
2302,0
2303,0
2304,0
2305,0
2306,1
2307,0
2308,1
2309,1
2310,0
2311,1
2312,1
2313,0
2314,0
2315,1
2316,1
2317,1
2318,1
2319,0
2320,0
2321,0
2322,0
2323,0
2324,0
2325,1
2326,1
2327,0
2328,1
2329,0
2330,1
2331,1
2332,0
2333,1
2334,1
2335,0
2336,1
2337,1
2338,0
2339,0
2340,0
2341,1
2342,1
2343,0
2344,0
2345,0
2346,0
2347,1
2348,1
2349,0
2350,1
2351,0
2352,0
2353,0
2354,0
2355,0
2356,0
2357,1
2358,0
2359,0
2360,1
2361,1
2362,1
2363,1
2364,1
2365,0
2366,0
2367,0
2368,0
2369,0
2370,0
2371,1
2372,1
2373,1
2374,0
2375,1
2376,0
2377,1
2378,0
2379,0
2380,1
2381,1
2382,0
2383,0
2384,1
2385,1
2386,0
2387,0
2388,0
2389,0
2390,1
2391,0
2392,1
2393,0
2394,1
2395,0
2396,1
2397,0
2398,0
2399,1
2400,0
2401,0
2402,1
2403,1
2404,1
2405,0
2406,0
2407,1
2408,1
2409,1
2410,0
2411,0
2412,1
2413,0
2414,0
2415,1
2416,0
2417,1
2418,0
2419,1
2420,0
2421,0
2422,1
2423,0
2424,1
2425,1
2426,0
2427,1
2428,1
2429,0
2430,1
2431,0
2432,0
2433,0
2434,0
2435,0
2436,1
2437,1
2438,0
2439,0
2440,0
2441,0
2442,1
2443,0
2444,0
2445,0
2446,1
2447,0
2448,0
2449,1
2450,0
2451,0
2452,0
2453,1
2454,0
2455,1
2456,1
2457,0
2458,1
2459,0
2460,0
2461,0
2462,1
2463,1
2464,0
2465,0
2466,1
2467,0
2468,0
2469,0
2470,0
2471,1
2472,1
2473,0
2474,0
2475,1
2476,0
2477,0
2478,0
2479,1
2480,1
2481,0
2482,0
2483,1
2484,1
2485,1
2486,1
2487,1
2488,0
2489,1
2490,1
2491,0
2492,0
2493,0
2494,0
2495,1
2496,0
2497,1
2498,0
2499,1
2500,1
2501,0
2502,1
2503,1
2504,1
2505,0
2506,1
2507,0
2508,1
2509,0
2510,1
2511,0
2512,0
2513,0
2514,1
2515,0
2516,0
2517,0
2518,1
2519,0
2520,0
2521,1
2522,0
2523,0
2524,1
2525,1
2526,0
2527,1
2528,0
2529,1
2530,1
2531,1
2532,0
2533,1
2534,0
2535,1
2536,1
2537,0
2538,0
2539,0
2540,0
2541,0
2542,1
2543,0
2544,1
2545,0
2546,1
2547,1
2548,0
2549,0
2550,0
2551,0
2552,0
2553,0
2554,1
2555,1
2556,0
2557,1
2558,0
2559,0
2560,0
2561,1
2562,1
2563,0
2564,1
2565,0
2566,1
2567,0
2568,0
2569,1
2570,1
2571,1
2572,0
2573,0
2574,0
2575,0
2576,0
2577,0
2578,0
2579,0
2580,1
2581,1
2582,0
2583,1
2584,0
2585,0
2586,0
2587,1
2588,0
2589,1
2590,0
2591,1
2592,0
2593,0
2594,1
2595,0
2596,1
2597,0
2598,0
2599,0
2600,0
2601,0
2602,1
2603,1
2604,0
2605,1
2606,0
2607,0
2608,0
2609,0
2610,0
2611,0
2612,1
2613,0
2614,1
2615,0
2616,0
2617,0
2618,0
2619,1
2620,1
2621,1
2622,1
2623,0
2624,0
2625,1
2626,0
2627,0
2628,1
2629,1
2630,1
2631,1
2632,1
2633,0
2634,1
2635,1
2636,0
2637,1
2638,0
2639,1
2640,1
2641,1
2642,1
2643,0
2644,0
2645,1
2646,0
2647,1
2648,0
2649,1
2650,0
2651,0
2652,0
2653,0
2654,0
2655,0
2656,1
2657,0
2658,0
2659,1
2660,1
2661,0
2662,1
2663,0
2664,0
2665,0
2666,1
2667,1
2668,1
2669,0
2670,0
2671,1
2672,0
2673,0
2674,1
2675,0
2676,1
2677,0
2678,1
2679,0
2680,0
2681,1
2682,0
2683,0
2684,0
2685,0
2686,1
2687,0
2688,0
2689,1
2690,0
2691,0
2692,1
2693,1
2694,1
2695,1
2696,1
2697,1
2698,1
2699,1
2700,1
2701,0
2702,1
2703,0
2704,0
2705,0
2706,0
2707,1
2708,1
2709,0
2710,0
2711,1
2712,1
2713,0
2714,1
2715,1
2716,0
2717,1
2718,0
2719,0
2720,0
2721,0
2722,0
2723,0
2724,0
2725,1
2726,0
2727,0
2728,0
2729,1
2730,0
2731,0
2732,0
2733,1
2734,1
2735,0
2736,0
2737,1
2738,0
2739,1
2740,0
2741,1
2742,1
2743,0
2744,0
2745,0
2746,1
2747,0
2748,0
2749,1
2750,0
2751,1
2752,0
2753,1
2754,1
2755,0
2756,1
2757,0
2758,1
2759,0
2760,1
2761,0
2762,0
2763,0
2764,1
2765,0
2766,0
2767,0
2768,1
2769,0
2770,0
2771,0
2772,0
2773,0
2774,0
2775,1
2776,1
2777,0
2778,0
2779,0
2780,1
2781,1
2782,1
2783,1
2784,0
2785,0
2786,0
2787,0
2788,1
2789,1
2790,0
2791,0
2792,1
2793,0
2794,1
2795,0
2796,0
2797,1
2798,0
2799,1
2800,0
2801,0
2802,0
2803,0
2804,0
2805,0
2806,1
2807,1
2808,0
2809,1
2810,1
2811,0
2812,1
2813,1
2814,0
2815,0
2816,0
2817,1
2818,0
2819,0
2820,1
2821,0
2822,1
2823,1
2824,0
2825,1
2826,1
2827,0
2828,0
2829,1
2830,1
2831,0
2832,1
2833,1
2834,1
2835,0
2836,0
2837,0
2838,1
2839,1
2840,0
2841,0
2842,0
2843,0
2844,1
2845,1
2846,1
2847,1
2848,1
2849,1
2850,1
2851,1
2852,0
2853,1
2854,0
2855,0
2856,0
2857,0
2858,1
2859,0
2860,1
2861,0
2862,0
2863,1
2864,0
2865,1
2866,1
2867,1
2868,0
2869,1
2870,1
2871,0
2872,1
2873,0
2874,1
2875,0
2876,1
2877,1
2878,0
2879,1
2880,1
2881,1
2882,1
2883,0
2884,0
2885,0
2886,1
2887,1
2888,0
2889,0
2890,1
2891,1
2892,0
2893,0
2894,0
2895,0
2896,0
2897,0
2898,0
2899,0
2900,0
2901,1
2902,0
2903,1
2904,1
2905,1
2906,0
2907,1
2908,1
2909,1
2910,1
2911,0
2912,0
2913,0
2914,0
2915,0
2916,1
2917,0
2918,1
2919,1
2920,0
2921,0
2922,0
2923,1
2924,1
2925,1
2926,0
2927,1
2928,0
2929,1
2930,0
2931,0
2932,1
2933,1
2934,1
2935,1
2936,1
2937,0
2938,0
2939,1
2940,0
2941,0
2942,0
2943,0
2944,0
2945,1
2946,1
2947,0
2948,1
2949,0
2950,1
2951,1
2952,0
2953,0
2954,1
2955,0
2956,1
2957,0
2958,1
2959,1
2960,0
2961,1
2962,0
2963,0
2964,1
2965,1
2966,1
2967,0
2968,1
2969,1
2970,0
2971,1
2972,0
2973,0
2974,0
2975,0
2976,0
2977,0
2978,1
2979,0
2980,0
2981,1
2982,0
2983,0
2984,0
2985,1
2986,0
2987,0
2988,0
2989,1
2990,0
2991,1
2992,1
2993,0
2994,0
2995,0
2996,1
2997,0
2998,1
2999,0
3000,0
3001,0
3002,0
3003,0
3004,0
3005,1
3006,0
3007,0
3008,0
3009,1
3010,0
3011,0
3012,0
3013,0
3014,0
3015,0
3016,0
3017,1
3018,1
3019,0
3020,0
3021,0
3022,1
3023,0
3024,0
3025,0
3026,1
3027,0
3028,1
3029,1
3030,0
3031,1
3032,0
3033,1
3034,0
3035,0
3036,1
3037,0
3038,1
3039,0
3040,1
3041,0
3042,1
3043,0
3044,1
3045,0
3046,0
3047,1
3048,1
3049,0
3050,0
3051,0
3052,0
3053,0
3054,1
3055,1
3056,1
3057,1
3058,1
3059,1
3060,0
3061,0
3062,0
3063,1
3064,0
3065,1
3066,0
3067,1
3068,1
3069,0
3070,1
3071,1
3072,0
3073,0
3074,1
3075,0
3076,1
3077,0
3078,0
3079,0
3080,1
3081,1
3082,0
3083,1
3084,0
3085,0
3086,0
3087,0
3088,0
3089,1
3090,0
3091,0
3092,1
3093,0
3094,1
3095,0
3096,0
3097,1
3098,0
3099,0
3100,0
3101,0
3102,1
3103,0
3104,0
3105,0
3106,0
3107,0
3108,0
3109,0
3110,1
3111,1
3112,1
3113,0
3114,1
3115,1
3116,1
3117,1
3118,1
3119,0
3120,1
3121,1
3122,1
3123,1
3124,0
3125,1
3126,0
3127,0
3128,1
3129,1
3130,0
3131,0
3132,0
3133,0
3134,1
3135,0
3136,1
3137,0
3138,1
3139,1
3140,1
3141,1
3142,0
3143,1
3144,1
3145,0
3146,1
3147,1
3148,0
3149,0
3150,1
3151,0
3152,1
3153,0
3154,0
3155,0
3156,0
3157,0
3158,0
3159,1
3160,0
3161,1
3162,0
3163,0
3164,0
3165,1
3166,1
3167,1
3168,0
3169,0
3170,1
3171,0
3172,1
3173,1
3174,1
3175,0
3176,0
3177,1
3178,0
3179,0
3180,0
3181,0
3182,1
3183,0
3184,0
3185,1
3186,0
3187,1
3188,0
3189,1
3190,0
3191,0
3192,1
3193,0
3194,1
3195,0
3196,0
3197,0
3198,0
3199,1
3200,1
3201,1
3202,1
3203,1
3204,0
3205,1
3206,0
3207,0
3208,0
3209,0
3210,0
3211,1
3212,0
3213,1
3214,0
3215,0
3216,0
3217,1
3218,1
3219,0
3220,1
3221,0
3222,0
3223,1
3224,0
3225,0
3226,1
3227,1
3228,1
3229,1
3230,0
3231,1
3232,1
3233,1
3234,1
3235,0
3236,1
3237,0
3238,1
3239,1
3240,0
3241,0
3242,0
3243,1
3244,0
3245,0
3246,1
3247,0
3248,1
3249,1
3250,0
3251,0
3252,0
3253,1
3254,0
3255,0
3256,0
3257,0
3258,1
3259,0
3260,1
3261,0
3262,0
3263,0
3264,0
3265,0
3266,0
3267,0
3268,1
3269,0
3270,1
3271,1
3272,0
3273,1
3274,1
3275,1
3276,0
3277,1
3278,0
3279,0
3280,0
3281,0
3282,1
3283,0
3284,1
3285,0
3286,0
3287,0
3288,0
3289,1
3290,1
3291,0
3292,0
3293,0
3294,1
3295,0
3296,0
3297,1
3298,1
3299,0
3300,0
3301,0
3302,0
3303,1
3304,0
3305,0
3306,0
3307,0
3308,0
3309,0
3310,1
3311,0
3312,0
3313,1
3314,0
3315,0
3316,0
3317,1
3318,1
3319,0
3320,1
3321,0
3322,0
3323,0
3324,1
3325,0
3326,0
3327,1
3328,0
3329,1
3330,1
3331,0
3332,1
3333,0
3334,0
3335,1
3336,1
3337,1
3338,0
3339,1
3340,0
3341,0
3342,1
3343,1
3344,0
3345,0
3346,1
3347,1
3348,0
3349,0
3350,0
3351,1
3352,1
3353,1
3354,1
3355,1
3356,0
3357,1
3358,1
3359,0
3360,1
3361,1
3362,0
3363,1
3364,1
3365,0
3366,1
3367,0
3368,0
3369,1
3370,1
3371,0
3372,0
3373,1
3374,0
3375,0
3376,0
3377,1
3378,1
3379,1
3380,0
3381,0
3382,1
3383,0
3384,1
3385,1
3386,0
3387,0
3388,1
3389,1
3390,0
3391,1
3392,0
3393,0
3394,1
3395,0
3396,0
3397,1
3398,0
3399,0
3400,0
3401,0
3402,0
3403,0
3404,0
3405,0
3406,0
3407,1
3408,0
3409,0
3410,1
3411,0
3412,1
3413,1
3414,0
3415,1
3416,1
3417,0
3418,0
3419,0
3420,1
3421,0
3422,1
3423,0
3424,0
3425,0
3426,1
3427,0
3428,0
3429,0
3430,0
3431,0
3432,1
3433,0
3434,1
3435,0
3436,0
3437,0
3438,0
3439,0
3440,0
3441,0
3442,1
3443,1
3444,0
3445,1
3446,1
3447,1
3448,0
3449,0
3450,0
3451,1
3452,0
3453,0
3454,0
3455,0
3456,0
3457,0
3458,0
3459,0
3460,1
3461,1
3462,0
3463,1
3464,0
3465,1
3466,0
3467,0
3468,1
3469,0
3470,0
3471,0
3472,0
3473,1
3474,0
3475,1
3476,0
3477,0
3478,1
3479,0
3480,0
3481,0
3482,1
3483,1
3484,0
3485,0
3486,0
3487,1
3488,1
3489,1
3490,1
3491,1
3492,0
3493,0
3494,0
3495,0
3496,0
3497,1
3498,0
3499,1
3500,0
3501,0
3502,0
3503,0
3504,0
3505,0
3506,0
3507,0
3508,0
3509,1
3510,1
3511,0
3512,0
3513,1
3514,1
3515,0
3516,1
3517,0
3518,0
3519,0
3520,1
3521,0
3522,1
3523,0
3524,0
3525,0
3526,0
3527,1
3528,1
3529,0
3530,0
3531,1
3532,0
3533,1
3534,1
3535,1
3536,0
3537,0
3538,0
3539,0
3540,1
3541,1
3542,1
3543,0
3544,0
3545,0
3546,1
3547,1
3548,0
3549,0
3550,1
3551,1
3552,0
3553,1
3554,1
3555,0
3556,1
3557,0
3558,1
3559,1
3560,1
3561,0
3562,0
3563,0
3564,0
3565,0
3566,0
3567,0
3568,0
3569,0
3570,0
3571,0
3572,0
3573,1
3574,1
3575,1
3576,1
3577,1
3578,0
3579,0
3580,0
3581,0
3582,1
3583,0
3584,1
3585,0
3586,0
3587,0
3588,0
3589,1
3590,1
3591,0
3592,0
3593,0
3594,0
3595,0
3596,1
3597,0
3598,0
3599,1
3600,1
3601,0
3602,1
3603,1
3604,0
3605,1
3606,0
3607,1
3608,0
3609,0
3610,0
3611,0
3612,0
3613,0
3614,1
3615,0
3616,0
3617,0
3618,1
3619,1
3620,0
3621,1
3622,0
3623,1
3624,0
3625,1
3626,0
3627,1
3628,0
3629,1
3630,0
3631,1
3632,1
3633,1
3634,0
3635,0
3636,1
3637,0
3638,0
3639,1
3640,1
3641,0
3642,1
3643,1
3644,1
3645,1
3646,1
3647,0
3648,1
3649,1
3650,1
3651,0
3652,1
3653,0
3654,0
3655,0
3656,0
3657,0
3658,0
3659,0
3660,1
3661,1
3662,1
3663,0
3664,0
3665,0
3666,1
3667,0
3668,1
3669,0
3670,1
3671,0
3672,0
3673,1
3674,0
3675,1
3676,0
3677,0
3678,0
3679,0
3680,1
3681,0
3682,0
3683,1
3684,0
3685,1
3686,1
3687,0
3688,0
3689,1
3690,0
3691,1
3692,1
3693,1
3694,0
3695,1
3696,1
3697,0
3698,0
3699,0
3700,0
3701,1
3702,0
3703,1
3704,0
3705,1
3706,0
3707,0
3708,0
3709,0
3710,1
3711,1
3712,0
3713,0
3714,0
3715,0
3716,0
3717,1
3718,0
3719,0
3720,1
3721,0
3722,0
3723,0
3724,1
3725,0
3726,1
3727,0
3728,0
3729,0
3730,0
3731,0
3732,1
3733,0
3734,0
3735,0
3736,1
3737,0
3738,1
3739,0
3740,1
3741,0
3742,0
3743,0
3744,1
3745,0
3746,0
3747,0
3748,1
3749,0
3750,0
3751,0
3752,1
3753,1
3754,0
3755,0
3756,1
3757,1
3758,0
3759,1
3760,0
3761,1
3762,0
3763,0
3764,1
3765,0
3766,1
3767,1
3768,1
3769,1
3770,1
3771,1
3772,1
3773,1
3774,1
3775,1
3776,0
3777,1
3778,0
3779,1
3780,1
3781,1
3782,1
3783,0
3784,0
3785,0
3786,1
3787,1
3788,1
3789,1
3790,0
3791,0
3792,1
3793,1
3794,1
3795,1
3796,0
3797,0
3798,1
3799,0
3800,1
3801,0
3802,0
3803,1
3804,0
3805,0
3806,0
3807,1
3808,1
3809,1
3810,0
3811,1
3812,1
3813,0
3814,0
3815,1
3816,1
3817,0
3818,0
3819,1
3820,0
3821,0
3822,1
3823,0
3824,0
3825,1
3826,0
3827,0
3828,0
3829,0
3830,0
3831,0
3832,0
3833,0
3834,0
3835,1
3836,0
3837,0
3838,1
3839,0
3840,1
3841,0
3842,1
3843,1
3844,0
3845,1
3846,0
3847,1
3848,0
3849,0
3850,0
3851,0
3852,1
3853,0
3854,0
3855,0
3856,1
3857,1
3858,1
3859,0
3860,0
3861,0
3862,0
3863,0
3864,1
3865,0
3866,1
3867,0
3868,1
3869,0
3870,0
3871,0
3872,1
3873,0
3874,1
3875,1
3876,1
3877,1
3878,1
3879,1
3880,1
3881,0
3882,0
3883,0
3884,0
3885,1
3886,1
3887,0
3888,0
3889,0
3890,0
3891,1
3892,1
3893,0
3894,0
3895,0
3896,1
3897,0
3898,1
3899,0
3900,0
3901,1
3902,0
3903,0
3904,0
3905,1
3906,0
3907,1
3908,0
3909,0
3910,1
3911,0
3912,0
3913,0
3914,1
3915,0
3916,0
3917,0
3918,1
3919,0
3920,0
3921,1
3922,0
3923,1
3924,1
3925,1
3926,1
3927,0
3928,1
3929,1
3930,0
3931,0
3932,1
3933,1
3934,1
3935,0
3936,0
3937,0
3938,0
3939,0
3940,0
3941,0
3942,1
3943,1
3944,1
3945,0
3946,1
3947,0
3948,1
3949,1
3950,0
3951,0
3952,1
3953,1
3954,0
3955,1
3956,1
3957,1
3958,0
3959,1
3960,0
3961,0
3962,0
3963,0
3964,1
3965,1
3966,0
3967,1
3968,0
3969,0
3970,1
3971,1
3972,1
3973,0
3974,1
3975,1
3976,1
3977,0
3978,0
3979,1
3980,1
3981,0
3982,1
3983,1
3984,1
3985,0
3986,0
3987,1
3988,0
3989,0
3990,1
3991,0
3992,0
3993,0
3994,0
3995,0
3996,1
3997,0
3998,1
3999,0
4000,1
4001,1
4002,0
4003,1
4004,1
4005,1
4006,0
4007,0
4008,0
4009,0
4010,1
4011,0
4012,0
4013,1
4014,0
4015,0
4016,1
4017,0
4018,1
4019,0
4020,0
4021,1
4022,0
4023,0
4024,1
4025,0
4026,0
4027,1
4028,0
4029,0
4030,0
4031,1
4032,0
4033,0
4034,0
4035,0
4036,0
4037,0
4038,1
4039,0
4040,0
4041,0
4042,0
4043,0
4044,0
4045,1
4046,0
4047,1
4048,0
4049,0
4050,0
4051,0
4052,1
4053,0
4054,1
4055,0
4056,0
4057,1
4058,1
4059,1
4060,1
4061,0
4062,1
4063,0
4064,1
4065,0
4066,1
4067,0
4068,1
4069,1
4070,1
4071,1
4072,1
4073,1
4074,1
4075,1
4076,0
4077,1
4078,0
4079,0
4080,1
4081,1
4082,0
4083,0
4084,1
4085,0
4086,1
4087,1
4088,0
4089,1
4090,0
4091,1
4092,0
4093,1
4094,0
4095,0
4096,1
4097,0
4098,1
4099,0
4100,1
4101,1
4102,0
4103,1
4104,0
4105,0
4106,1
4107,0
4108,0
4109,0
4110,1
4111,1
4112,1
4113,0
4114,0
4115,0
4116,0
4117,0
4118,1
4119,0
4120,1
4121,0
4122,0
4123,0
4124,1
4125,0
4126,0
4127,0
4128,1
4129,1
4130,0
4131,0
4132,0
4133,0
4134,0
4135,0
4136,1
4137,0
4138,1
4139,0
4140,0
4141,0
4142,0
4143,1
4144,1
4145,1
4146,0
4147,0
4148,0
4149,1
4150,1
4151,1
4152,0
4153,0
4154,0
4155,1
4156,1
4157,0
4158,1
4159,0
4160,0
4161,0
4162,0
4163,1
4164,1
4165,0
4166,0
4167,0
4168,1
4169,1
4170,1
4171,1
4172,0
4173,1
4174,0
4175,0
4176,1
4177,1
4178,0
4179,0
4180,1
4181,1
4182,1
4183,1
4184,1
4185,1
4186,1
4187,0
4188,0
4189,0
4190,0
4191,0
4192,1
4193,1
4194,1
4195,1
4196,0
4197,0
4198,0
4199,1
4200,1
4201,1
4202,0
4203,0
4204,1
4205,0
4206,0
4207,1
4208,0
4209,1
4210,1
4211,1
4212,1
4213,0
4214,0
4215,1
4216,0
4217,1
4218,0
4219,0
4220,1
4221,1
4222,1
4223,0
4224,1
4225,0
4226,0
4227,1
4228,1
4229,1
4230,1
4231,1
4232,0
4233,0
4234,1
4235,1
4236,1
4237,1
4238,1
4239,1
4240,1
4241,0
4242,0
4243,1
4244,1
4245,0
4246,1
4247,0
4248,0
4249,0
4250,0
4251,1
4252,0
4253,0
4254,0
4255,1
4256,1
4257,0
4258,0
4259,0
4260,1
4261,1
4262,0
4263,0
4264,0
4265,0
4266,0
4267,0
4268,0
4269,1
4270,1
4271,1
4272,0
4273,0
4274,0
4275,0
4276,1
4277,1
4278,1
4279,0
4280,0
4281,1
4282,1
4283,0
4284,1
4285,1
4286,0
4287,0
4288,1
4289,0
4290,1
4291,0
4292,1
4293,1
4294,0
4295,0
4296,0
4297,0
4298,1
4299,1
4300,0
4301,1
4302,0
4303,0
4304,0
4305,0
4306,0
4307,0
4308,1
4309,0
4310,1
4311,0
4312,0
4313,0
4314,1
4315,0
4316,1
4317,0
4318,0
4319,0
4320,0
4321,1
4322,0
4323,1
4324,0
4325,1
4326,0
4327,0
4328,1
4329,1
4330,1
4331,1
4332,1
4333,1
4334,0
4335,1
4336,0
4337,1
4338,0
4339,1
4340,0
4341,0
4342,0
4343,0
4344,1
4345,1
4346,0
4347,1
4348,0
4349,0
4350,0
4351,1
4352,1
4353,1
4354,0
4355,1
4356,0
4357,0
4358,1
4359,1
4360,0
4361,0
4362,0
4363,1
4364,1
4365,1
4366,1
4367,0
4368,1
4369,0
4370,1
4371,1
4372,1
4373,0
4374,1
4375,1
4376,0
4377,1
4378,1
4379,0
4380,1
4381,0
4382,0
4383,1
4384,0
4385,0
4386,1
4387,0
4388,1
4389,1
4390,1
4391,0
4392,0
4393,0
4394,1
4395,1
4396,1
4397,0
4398,1
4399,0
4400,1
4401,0
4402,1
4403,0
4404,1
4405,1
4406,0
4407,1
4408,1
4409,1
4410,0
4411,0
4412,0
4413,1
4414,1
4415,0
4416,0
4417,0
4418,0
4419,1
4420,1
4421,0
4422,1
4423,0
4424,0
4425,0
4426,1
4427,0
4428,1
4429,1
4430,0
4431,0
4432,0
4433,0
4434,0
4435,0
4436,0
4437,0
4438,0
4439,0
4440,0
4441,0
4442,0
4443,0
4444,1
4445,1
4446,1
4447,0
4448,1
4449,1
4450,1
4451,0
4452,0
4453,0
4454,0
4455,0
4456,1
4457,0
4458,1
4459,0
4460,1
4461,1
4462,1
4463,1
4464,0
4465,1
4466,0
4467,1
4468,1
4469,0
4470,1
4471,1
4472,1
4473,0
4474,0
4475,1
4476,0
4477,0
4478,0
4479,1
4480,1
4481,0
4482,1
4483,0
4484,1
4485,1
4486,1
4487,1
4488,1
4489,0
4490,0
4491,0
4492,0
4493,0
4494,1
4495,1
4496,0
4497,0
4498,1
4499,0
4500,0
4501,1
4502,0
4503,0
4504,0
4505,0
4506,0
4507,0
4508,0
4509,1
4510,1
4511,0
4512,0
4513,1
4514,0
4515,0
4516,0
4517,0
4518,1
4519,0
4520,0
4521,0
4522,1
4523,1
4524,1
4525,0
4526,1
4527,0
4528,1
4529,0
4530,1
4531,1
4532,1
4533,1
4534,0
4535,0
4536,0
4537,0
4538,0
4539,1
4540,0
4541,1
4542,1
4543,0
4544,0
4545,0
4546,1
4547,1
4548,0
4549,0
4550,0
4551,0
4552,1
4553,0
4554,0
4555,1
4556,1
4557,1
4558,0
4559,0
4560,1
4561,0
4562,0
4563,1
4564,0
4565,0
4566,1
4567,1
4568,0
4569,0
4570,0
4571,1
4572,1
4573,1
4574,0
4575,1
4576,0
4577,1
4578,0
4579,1
4580,0
4581,0
4582,0
4583,1
4584,1
4585,1
4586,1
4587,0
4588,0
4589,1
4590,1
4591,0
4592,1
4593,1
4594,0
4595,1
4596,0
4597,0
4598,0
4599,0
4600,0
4601,0
4602,0
4603,0
4604,0
4605,0
4606,0
4607,1
4608,1
4609,1
4610,1
4611,0
4612,0
4613,1
4614,0
4615,1
4616,1
4617,0
4618,1
4619,0
4620,0
4621,1
4622,0
4623,0
4624,0
4625,1
4626,1
4627,0
4628,0
4629,0
4630,0
4631,1
4632,0
4633,0
4634,1
4635,1
4636,0
4637,0
4638,0
4639,0
4640,0
4641,1
4642,1
4643,1
4644,0
4645,0
4646,1
4647,1
4648,0
4649,0
4650,1
4651,0
4652,1
4653,1
4654,0
4655,0
4656,1
4657,1
4658,1
4659,0
4660,0
4661,0
4662,0
4663,0
4664,1
4665,0
4666,0
4667,1
4668,1
4669,0
4670,1
4671,0
4672,0
4673,1
4674,0
4675,0
4676,0
4677,0
4678,0
4679,1
4680,1
4681,1
4682,0
4683,0
4684,1
4685,1
4686,1
4687,0
4688,0
4689,1
4690,0
4691,1
4692,0
4693,1
4694,1
4695,1
4696,0
4697,0
4698,1
4699,1
4700,0
4701,0
4702,0
4703,0
4704,0
4705,0
4706,1
4707,0
4708,0
4709,0
4710,1
4711,0
4712,0
4713,0
4714,0
4715,0
4716,0
4717,1
4718,0
4719,0
4720,1
4721,0
4722,0
4723,0
4724,0
4725,1
4726,1
4727,0
4728,0
4729,0
4730,0
4731,0
4732,1
4733,0
4734,0
4735,1
4736,0
4737,1
4738,0
4739,0
4740,1
4741,0
4742,1
4743,1
4744,0
4745,0
4746,1
4747,1
4748,1
4749,1
4750,0
4751,1
4752,1
4753,1
4754,0
4755,1
4756,0
4757,0
4758,1
4759,1
4760,0
4761,0
4762,1
4763,1
4764,0
4765,1
4766,1
4767,1
4768,0
4769,0
4770,1
4771,0
4772,1
4773,1
4774,0
4775,0
4776,0
4777,1
4778,1
4779,1
4780,0
4781,1
4782,0
4783,1
4784,0
4785,0
4786,1
4787,1
4788,1
4789,0
4790,1
4791,0
4792,0
4793,0
4794,0
4795,0
4796,0
4797,1
4798,0
4799,0
4800,1
4801,1
4802,0
4803,1
4804,0
4805,0
4806,1
4807,0
4808,0
4809,0
4810,1
4811,0
4812,1
4813,0
4814,1
4815,0
4816,0
4817,1
4818,0
4819,0
4820,1
4821,0
4822,0
4823,0
4824,0
4825,1
4826,0
4827,0
4828,1
4829,0
4830,0
4831,0
4832,1
4833,0
4834,0
4835,1
4836,0
4837,0
4838,0
4839,0
4840,0
4841,0
4842,1
4843,1
4844,1
4845,0
4846,0
4847,0
4848,0
4849,1
4850,1
4851,1
4852,1
4853,1
4854,0
4855,0
4856,1
4857,0
4858,0
4859,1
4860,1
4861,1
4862,1
4863,1
4864,0
4865,0
4866,1
4867,0
4868,0
4869,0
4870,0
4871,0
4872,0
4873,1
4874,1
4875,1
4876,1
4877,0
4878,1
4879,1
4880,1
4881,1
4882,1
4883,1
4884,0
4885,0
4886,0
4887,1
4888,1
4889,0
4890,0
4891,0
4892,0
4893,1
4894,1
4895,1
4896,0
4897,0
4898,1
4899,1
4900,1
4901,1
4902,0
4903,0
4904,0
4905,1
4906,0
4907,1
4908,0
4909,1
4910,1
4911,1
4912,0
4913,0
4914,1
4915,0
4916,0
4917,1
4918,1
4919,0
4920,1
4921,1
4922,0
4923,0
4924,0
4925,1
4926,0
4927,0
4928,1
4929,0
4930,1
4931,1
4932,1
4933,0
4934,0
4935,1
4936,1
4937,1
4938,1
4939,1
4940,0
4941,0
4942,0
4943,1
4944,1
4945,1
4946,1
4947,1
4948,0
4949,0
4950,1
4951,1
4952,0
4953,0
4954,0
4955,1
4956,0
4957,1
4958,0
4959,1
4960,0
4961,1
4962,1
4963,1
4964,0
4965,1
4966,1
4967,1
4968,1
4969,1
4970,0
4971,1
4972,1
4973,1
4974,1
4975,0
4976,0
4977,1
4978,0
4979,1
4980,0
4981,1
4982,0
4983,1
4984,1
4985,0
4986,0
4987,1
4988,0
4989,1
4990,0
4991,0
4992,1
4993,1
4994,1
4995,1
4996,1
4997,0
4998,1
4999,1
5000,0
5001,0
5002,0
5003,0
5004,0
5005,0
5006,1
5007,1
5008,0
5009,0
5010,0
5011,1
5012,0
5013,0
5014,1
5015,0
5016,1
5017,0
5018,0
5019,0
5020,1
5021,1
5022,0
5023,0
5024,1
5025,0
5026,0
5027,0
5028,0
5029,1
5030,0
5031,1
5032,0
5033,0
5034,1
5035,1
5036,1
5037,0
5038,1
5039,0
5040,0
5041,0
5042,1
5043,0
5044,0
5045,1
5046,1
5047,0
5048,1
5049,1
5050,1
5051,0
5052,0
5053,0
5054,0
5055,1
5056,0
5057,1
5058,0
5059,1
5060,0
5061,1
5062,0
5063,0
5064,0
5065,0
5066,0
5067,0
5068,0
5069,1
5070,1
5071,0
5072,0
5073,0
5074,0
5075,0
5076,1
5077,1
5078,1
5079,0
5080,1
5081,1
5082,0
5083,0
5084,1
5085,0
5086,1
5087,0
5088,0
5089,1
5090,0
5091,1
5092,0
5093,1
5094,0
5095,1
5096,0
5097,0
5098,1
5099,0
5100,1
5101,0
5102,1
5103,0
5104,1
5105,0
5106,1
5107,1
5108,0
5109,1
5110,0
5111,1
5112,1
5113,0
5114,1
5115,0
5116,1
5117,0
5118,1
5119,0
5120,1
5121,1
5122,0
5123,1
5124,0
5125,1
5126,0
5127,1
5128,0
5129,0
5130,1
5131,1
5132,0
5133,0
5134,1
5135,0
5136,0
5137,0
5138,0
5139,1
5140,0
5141,1
5142,0
5143,1
5144,0
5145,1
5146,0
5147,1
5148,1
5149,1
5150,1
5151,0
5152,0
5153,1
5154,1
5155,0
5156,0
5157,1
5158,0
5159,0
5160,1
5161,0
5162,0
5163,0
5164,0
5165,0
5166,0
5167,0
5168,0
5169,1
5170,1
5171,1
5172,0
5173,0
5174,1
5175,1
5176,1
5177,0
5178,0
5179,0
5180,1
5181,1
5182,1
5183,0
5184,1
5185,0
5186,0
5187,1
5188,0
5189,1
5190,0
5191,0
5192,0
5193,0
5194,0
5195,0
5196,1
5197,0
5198,0
5199,0
5200,1
5201,1
5202,1
5203,1
5204,0
5205,1
5206,0
5207,0
5208,0
5209,1
5210,1
5211,1
5212,1
5213,0
5214,0
5215,0
5216,1
5217,1
5218,0
5219,0
5220,1
5221,0
5222,0
5223,1
5224,0
5225,0
5226,1
5227,0
5228,1
5229,1
5230,0
5231,1
5232,0
5233,1
5234,1
5235,0
5236,1
5237,0
5238,1
5239,1
5240,0
5241,1
5242,1
5243,1
5244,0
5245,0
5246,0
5247,1
5248,0
5249,1
5250,1
5251,1
5252,1
5253,1
5254,0
5255,1
5256,1
5257,0
5258,1
5259,0
5260,0
5261,1
5262,0
5263,0
5264,0
5265,0
5266,1
5267,0
5268,1
5269,1
5270,1
5271,1
5272,0
5273,1
5274,0
5275,0
5276,0
5277,0
5278,1
5279,1
5280,1
5281,1
5282,1
5283,0
5284,1
5285,0
5286,0
5287,0
5288,1
5289,1
5290,1
5291,1
5292,1
5293,1
5294,1
5295,1
5296,1
5297,0
5298,1
5299,0
5300,0
5301,0
5302,1
5303,1
5304,1
5305,0
5306,1
5307,0
5308,0
5309,0
5310,0
5311,0
5312,1
5313,1
5314,0
5315,0
5316,1
5317,0
5318,0
5319,1
5320,1
5321,1
5322,1
5323,0
5324,1
5325,1
5326,1
5327,0
5328,0
5329,0
5330,0
5331,1
5332,0
5333,0
5334,1
5335,1
5336,0
5337,0
5338,0
5339,0
5340,1
5341,1
5342,1
5343,1
5344,0
5345,0
5346,0
5347,1
5348,0
5349,0
5350,0
5351,1
5352,1
5353,0
5354,0
5355,1
5356,1
5357,0
5358,0
5359,1
5360,1
5361,0
5362,1
5363,0
5364,0
5365,1
5366,0
5367,1
5368,1
5369,0
5370,1
5371,0
5372,0
5373,0
5374,0
5375,0
5376,1
5377,1
5378,0
5379,1
5380,0
5381,0
5382,1
5383,1
5384,0
5385,0
5386,0
5387,0
5388,1
5389,0
5390,1
5391,0
5392,0
5393,0
5394,0
5395,0
5396,0
5397,0
5398,1
5399,1
5400,1
5401,1
5402,0
5403,1
5404,0
5405,0
5406,1
5407,0
5408,0
5409,0
5410,1
5411,0
5412,1
5413,0
5414,0
5415,1
5416,0
5417,1
5418,1
5419,0
5420,0
5421,1
5422,0
5423,0
5424,0
5425,0
5426,1
5427,0
5428,0
5429,0
5430,0
5431,0
5432,0
5433,0
5434,1
5435,0
5436,0
5437,1
5438,1
5439,1
5440,1
5441,1
5442,0
5443,0
5444,0
5445,1
5446,1
5447,0
5448,0
5449,0
5450,1
5451,0
5452,0
5453,1
5454,1
5455,1
5456,1
5457,0
5458,1
5459,0
5460,0
5461,0
5462,0
5463,1
5464,0
5465,1
5466,1
5467,0
5468,0
5469,0
5470,0
5471,0
5472,0
5473,0
5474,0
5475,0
5476,0
5477,0
5478,0
5479,0
5480,0
5481,0
5482,0
5483,0
5484,0
5485,1
5486,0
5487,0
5488,1
5489,0
5490,0
5491,1
5492,1
5493,1
5494,0
5495,0
5496,0
5497,1
5498,0
5499,0
5500,0
5501,1
5502,1
5503,0
5504,1
5505,0
5506,1
5507,1
5508,0
5509,0
5510,0
5511,0
5512,1
5513,0
5514,0
5515,1
5516,1
5517,1
5518,0
5519,0
5520,1
5521,0
5522,0
5523,0
5524,1
5525,1
5526,1
5527,0
5528,0
5529,1
5530,1
5531,0
5532,0
5533,1
5534,1
5535,0
5536,0
5537,0
5538,1
5539,1
5540,0
5541,0
5542,0
5543,0
5544,0
5545,0
5546,1
5547,1
5548,0
5549,1
5550,0
5551,1
5552,1
5553,0
5554,1
5555,1
5556,1
5557,0
5558,0
5559,0
5560,0
5561,0
5562,1
5563,1
5564,0
5565,0
5566,1
5567,0
5568,0
5569,1
5570,1
5571,0
5572,0
5573,1
5574,0
5575,0
5576,0
5577,1
5578,0
5579,0
5580,0
5581,0
5582,1
5583,0
5584,0
5585,0
5586,0
5587,0
5588,1
5589,1
5590,0
5591,0
5592,1
5593,0
5594,0
5595,1
5596,0
5597,0
5598,1
5599,0
5600,1
5601,0
5602,1
5603,0
5604,1
5605,1
5606,1
5607,1
5608,1
5609,1
5610,0
5611,1
5612,1
5613,1
5614,1
5615,1
5616,1
5617,0
5618,1
5619,1
5620,1
5621,1
5622,0
5623,1
5624,0
5625,1
5626,0
5627,1
5628,1
5629,1
5630,0
5631,0
5632,0
5633,1
5634,1
5635,0
5636,1
5637,0
5638,1
5639,0
5640,0
5641,1
5642,0
5643,0
5644,0
5645,0
5646,1
5647,0
5648,1
5649,0
5650,0
5651,1
5652,0
5653,0
5654,1
5655,1
5656,1
5657,1
5658,0
5659,0
5660,1
5661,0
5662,0
5663,1
5664,0
5665,0
5666,0
5667,1
5668,0
5669,0
5670,0
5671,1
5672,0
5673,1
5674,0
5675,1
5676,0
5677,0
5678,1
5679,1
5680,0
5681,0
5682,0
5683,1
5684,0
5685,1
5686,0
5687,1
5688,0
5689,0
5690,1
5691,0
5692,1
5693,0
5694,0
5695,1
5696,0
5697,0
5698,1
5699,0
5700,0
5701,0
5702,0
5703,1
5704,0
5705,0
5706,0
5707,0
5708,1
5709,1
5710,1
5711,1
5712,1
5713,0
5714,1
5715,1
5716,1
5717,1
5718,0
5719,0
5720,0
5721,1
5722,0
5723,0
5724,1
5725,0
5726,1
5727,0
5728,1
5729,1
5730,0
5731,1
5732,0
5733,0
5734,1
5735,1
5736,0
5737,1
5738,0
5739,1
5740,0
5741,0
5742,1
5743,1
5744,0
5745,1
5746,1
5747,0
5748,1
5749,1
5750,1
5751,0
5752,0
5753,0
5754,0
5755,0
5756,0
5757,0
5758,0
5759,1
5760,1
5761,1
5762,0
5763,0
5764,0
5765,1
5766,0
5767,0
5768,0
5769,0
5770,0
5771,0
5772,1
5773,0
5774,0
5775,1
5776,0
5777,1
5778,0
5779,0
5780,0
5781,1
5782,0
5783,1
5784,1
5785,0
5786,0
5787,1
5788,1
5789,1
5790,0
5791,0
5792,0
5793,1
5794,1
5795,1
5796,0
5797,0
5798,0
5799,0
5800,1
5801,0
5802,1
5803,1
5804,0
5805,0
5806,1
5807,0
5808,0
5809,1
5810,0
5811,0
5812,0
5813,0
5814,0
5815,0
5816,0
5817,1
5818,1
5819,0
5820,0
5821,1
5822,0
5823,0
5824,1
5825,1
5826,0
5827,0
5828,0
5829,0
5830,1
5831,1
5832,0
5833,1
5834,1
5835,1
5836,1
5837,0
5838,0
5839,0
5840,1
5841,0
5842,1
5843,0
5844,1
5845,0
5846,0
5847,0
5848,0
5849,0
5850,1
5851,0
5852,1
5853,1
5854,1
5855,0
5856,0
5857,1
5858,0
5859,1
5860,1
5861,0
5862,1
5863,0
5864,1
5865,0
5866,0
5867,1
5868,1
5869,0
5870,1
5871,1
5872,0
5873,0
5874,1
5875,0
5876,0
5877,1
5878,0
5879,1
5880,0
5881,0
5882,1
5883,1
5884,0
5885,0
5886,0
5887,1
5888,1
5889,1
5890,1
5891,0
5892,0
5893,0
5894,1
5895,1
5896,1
5897,0
5898,0
5899,1
5900,1
5901,0
5902,0
5903,0
5904,0
5905,1
5906,0
5907,0
5908,1
5909,0
5910,1
5911,1
5912,1
5913,1
5914,1
5915,0
5916,0
5917,1
5918,0
5919,1
5920,0
5921,0
5922,0
5923,0
5924,0
5925,0
5926,0
5927,1
5928,0
5929,1
5930,1
5931,1
5932,0
5933,1
5934,1
5935,0
5936,0
5937,1
5938,0
5939,1
5940,1
5941,1
5942,1
5943,1
5944,0
5945,0
5946,0
5947,0
5948,1
5949,0
5950,1
5951,0
5952,1
5953,0
5954,0
5955,0
5956,1
5957,0
5958,0
5959,1
5960,1
5961,0
5962,0
5963,1
5964,1
5965,1
5966,1
5967,0
5968,1
5969,1
5970,1
5971,0
5972,0
5973,0
5974,1
5975,0
5976,0
5977,1
5978,0
5979,0
5980,0
5981,0
5982,0
5983,0
5984,1
5985,0
5986,0
5987,0
5988,1
5989,1
5990,1
5991,1
5992,0
5993,0
5994,0
5995,0
5996,0
5997,1
5998,1
5999,0
6000,0
6001,1
6002,0
6003,1
6004,1
6005,1
6006,0
6007,0
6008,0
6009,0
6010,0
6011,0
6012,0
6013,0
6014,0
6015,0
6016,0
6017,0
6018,0
6019,0
6020,1
6021,1
6022,1
6023,1
6024,1
6025,0
6026,0
6027,0
6028,1
6029,0
6030,1
6031,1
6032,1
6033,1
6034,0
6035,0
6036,1
6037,1
6038,1
6039,1
6040,0
6041,1
6042,0
6043,0
6044,0
6045,0
6046,0
6047,0
6048,1
6049,1
6050,1
6051,1
6052,1
6053,1
6054,1
6055,0
6056,0
6057,0
6058,0
6059,1
6060,1
6061,1
6062,0
6063,0
6064,0
6065,0
6066,0
6067,1
6068,1
6069,0
6070,0
6071,1
6072,0
6073,0
6074,0
6075,1
6076,1
6077,1
6078,1
6079,1
6080,0
6081,0
6082,0
6083,1
6084,1
6085,0
6086,1
6087,0
6088,0
6089,1
6090,1
6091,0
6092,0
6093,0
6094,1
6095,0
6096,0
6097,0
6098,0
6099,0
6100,0
6101,0
6102,0
6103,0
6104,1
6105,1
6106,1
6107,0
6108,1
6109,1
6110,0
6111,1
6112,1
6113,0
6114,0
6115,0
6116,1
6117,0
6118,0
6119,0
6120,0
6121,0
6122,0
6123,0
6124,1
6125,1
6126,0
6127,0
6128,1
6129,0
6130,1
6131,0
6132,0
6133,1
6134,0
6135,0
6136,1
6137,0
6138,0
6139,0
6140,1
6141,1
6142,0
6143,1
6144,0
6145,0
6146,0
6147,0
6148,0
6149,0
6150,0
6151,0
6152,1
6153,0
6154,0
6155,0
6156,0
6157,0
6158,1
6159,0
6160,1
6161,0
6162,0
6163,0
6164,1
6165,0
6166,1
6167,1
6168,1
6169,0
6170,1
6171,0
6172,0
6173,1
6174,1
6175,0
6176,0
6177,0
6178,1
6179,0
6180,0
6181,0
6182,0
6183,0
6184,1
6185,0
6186,0
6187,0
6188,0
6189,0
6190,0
6191,1
6192,0
6193,1
6194,0
6195,1
6196,0
6197,0
6198,0
6199,0
6200,1
6201,0
6202,0
6203,0
6204,1
6205,0
6206,0
6207,1
6208,0
6209,0
6210,0
6211,1
6212,0
6213,0
6214,1
6215,1
6216,1
6217,1
6218,0
6219,1
6220,0
6221,0
6222,0
6223,0
6224,1
6225,0
6226,0
6227,0
6228,1
6229,1
6230,0
6231,1
6232,1
6233,1
6234,0
6235,1
6236,0
6237,1
6238,0
6239,1
6240,1
6241,1
6242,1
6243,1
6244,0
6245,0
6246,0
6247,0
6248,0
6249,0
6250,0
6251,0
6252,0
6253,1
6254,0
6255,0
6256,0
6257,0
6258,0
6259,0
6260,1
6261,0
6262,1
6263,0
6264,0
6265,0
6266,0
6267,0
6268,0
6269,1
6270,1
6271,1
6272,0
6273,0
6274,0
6275,1
6276,0
6277,1
6278,0
6279,1
6280,0
6281,0
6282,1
6283,0
6284,0
6285,0
6286,1
6287,0
6288,0
6289,0
6290,0
6291,0
6292,0
6293,1
6294,1
6295,1
6296,0
6297,0
6298,0
6299,0
6300,1
6301,0
6302,0
6303,1
6304,1
6305,1
6306,1
6307,0
6308,1
6309,0
6310,0
6311,0
6312,1
6313,1
6314,1
6315,1
6316,1
6317,0
6318,1
6319,0
6320,1
6321,1
6322,1
6323,0
6324,1
6325,1
6326,1
6327,0
6328,0
6329,0
6330,0
6331,1
6332,1
6333,0
6334,0
6335,0
6336,0
6337,1
6338,1
6339,0
6340,1
6341,1
6342,0
6343,1
6344,1
6345,0
6346,1
6347,0
6348,0
6349,1
6350,1
6351,1
6352,1
6353,1
6354,0
6355,0
6356,1
6357,0
6358,0
6359,0
6360,0
6361,0
6362,0
6363,1
6364,1
6365,0
6366,1
6367,0
6368,1
6369,1
6370,1
6371,1
6372,1
6373,0
6374,1
6375,0
6376,1
6377,0
6378,1
6379,0
6380,0
6381,1
6382,0
6383,0
6384,0
6385,1
6386,1
6387,0
6388,0
6389,0
6390,0
6391,0
6392,0
6393,0
6394,1
6395,1
6396,1
6397,1
6398,0
6399,0
6400,0
6401,1
6402,1
6403,0
6404,1
6405,1
6406,0
6407,0
6408,0
6409,0
6410,1
6411,1
6412,1
6413,0
6414,0
6415,0
6416,0
6417,1
6418,1
6419,0
6420,0
6421,0
6422,0
6423,0
6424,0
6425,0
6426,0
6427,1
6428,1
6429,0
6430,0
6431,1
6432,1
6433,1
6434,0
6435,1
6436,1
6437,0
6438,0
6439,1
6440,1
6441,1
6442,1
6443,1
6444,0
6445,0
6446,0
6447,0
6448,0
6449,0
6450,0
6451,1
6452,1
6453,1
6454,0
6455,0
6456,1
6457,1
6458,0
6459,0
6460,0
6461,0
6462,1
6463,1
6464,1
6465,0
6466,1
6467,1
6468,0
6469,1
6470,1
6471,1
6472,0
6473,1
6474,1
6475,1
6476,0
6477,0
6478,1
6479,0
6480,0
6481,0
6482,1
6483,0
6484,0
6485,0
6486,0
6487,1
6488,0
6489,0
6490,1
6491,1
6492,0
6493,0
6494,1
6495,1
6496,0
6497,1
6498,0
6499,0
6500,0
6501,0
6502,0
6503,0
6504,1
6505,0
6506,0
6507,0
6508,0
6509,0
6510,0
6511,0
6512,1
6513,1
6514,0
6515,1
6516,0
6517,1
6518,0
6519,1
6520,1
6521,1
6522,0
6523,0
6524,1
6525,0
6526,0
6527,1
6528,0
6529,1
6530,0
6531,0
6532,0
6533,0
6534,1
6535,1
6536,1
6537,0
6538,0
6539,0
6540,0
6541,0
6542,1
6543,1
6544,1
6545,0
6546,1
6547,1
6548,0
6549,1
6550,1
6551,0
6552,0
6553,1
6554,0
6555,0
6556,0
6557,0
6558,0
6559,0
6560,1
6561,1
6562,0
6563,1
6564,0
6565,0
6566,0
6567,1
6568,1
6569,0
6570,0
6571,0
6572,0
6573,1
6574,0
6575,0
6576,1
6577,0
6578,0
6579,1
6580,0
6581,1
6582,1
6583,0
6584,1
6585,1
6586,1
6587,1
6588,1
6589,1
6590,0
6591,0
6592,1
6593,0
6594,0
6595,0
6596,0
6597,0
6598,0
6599,1
6600,1
6601,1
6602,0
6603,0
6604,0
6605,1
6606,0
6607,1
6608,1
6609,1
6610,0
6611,1
6612,0
6613,0
6614,0
6615,0
6616,0
6617,1
6618,0
6619,1
6620,0
6621,1
6622,1
6623,0
6624,1
6625,1
6626,1
6627,0
6628,0
6629,1
6630,0
6631,1
6632,0
6633,0
6634,0
6635,0
6636,1
6637,1
6638,1
6639,1
6640,0
6641,1
6642,1
6643,1
6644,1
6645,0
6646,0
6647,1
6648,0
6649,0
6650,0
6651,0
6652,0
6653,0
6654,1
6655,0
6656,1
6657,1
6658,0
6659,1
6660,1
6661,0
6662,1
6663,0
6664,0
6665,0
6666,1
6667,0
6668,0
6669,0
6670,0
6671,1
6672,0
6673,1
6674,0
6675,1
6676,1
6677,1
6678,0
6679,0
6680,1
6681,0
6682,0
6683,1
6684,1
6685,0
6686,1
6687,1
6688,1
6689,1
6690,0
6691,0
6692,1
6693,0
6694,0
6695,1
6696,1
6697,0
6698,1
6699,1
6700,1
6701,0
6702,0
6703,0
6704,1
6705,0
6706,0
6707,0
6708,1
6709,0
6710,1
6711,1
6712,1
6713,1
6714,0
6715,0
6716,0
6717,1
6718,1
6719,1
6720,0
6721,0
6722,1
6723,1
6724,0
6725,0
6726,0
6727,0
6728,0
6729,1
6730,1
6731,1
6732,0
6733,0
6734,1
6735,1
6736,0
6737,1
6738,1
6739,1
6740,1
6741,0
6742,0
6743,1
6744,0
6745,1
6746,1
6747,0
6748,0
6749,1
6750,0
6751,1
6752,1
6753,0
6754,1
6755,1
6756,1
6757,1
6758,1
6759,1
6760,0
6761,0
6762,1
6763,1
6764,1
6765,1
6766,1
6767,0
6768,1
6769,0
6770,0
6771,1
6772,1
6773,1
6774,0
6775,1
6776,1
6777,0
6778,1
6779,0
6780,0
6781,0
6782,0
6783,1
6784,0
6785,0
6786,1
6787,0
6788,1
6789,1
6790,1
6791,0
6792,0
6793,0
6794,1
6795,0
6796,0
6797,0
6798,1
6799,0
6800,1
6801,0
6802,0
6803,1
6804,1
6805,1
6806,1
6807,0
6808,0
6809,0
6810,1
6811,1
6812,1
6813,1
6814,0
6815,1
6816,0
6817,0
6818,0
6819,0
6820,0
6821,0
6822,0
6823,1
6824,0
6825,0
6826,1
6827,1
6828,0
6829,0
6830,0
6831,0
6832,0
6833,0
6834,0
6835,1
6836,0
6837,0
6838,0
6839,1
6840,1
6841,0
6842,1
6843,0
6844,0
6845,0
6846,1
6847,0
6848,0
6849,0
6850,0
6851,0
6852,1
6853,0
6854,0
6855,0
6856,1
6857,0
6858,0
6859,1
6860,1
6861,0
6862,1
6863,1
6864,0
6865,0
6866,1
6867,1
6868,0
6869,0
6870,1
6871,1
6872,0
6873,0
6874,1
6875,1
6876,0
6877,1
6878,0
6879,1
6880,1
6881,0
6882,0
6883,0
6884,0
6885,0
6886,0
6887,0
6888,0
6889,1
6890,1
6891,1
6892,0
6893,1
6894,1
6895,1
6896,1
6897,0
6898,0
6899,1
6900,0
6901,0
6902,0
6903,1
6904,1
6905,1
6906,0
6907,1
6908,1
6909,0
6910,1
6911,0
6912,0
6913,0
6914,0
6915,1
6916,1
6917,0
6918,0
6919,0
6920,0
6921,0
6922,0
6923,0
6924,1
6925,0
6926,0
6927,0
6928,0
6929,0
6930,1
6931,0
6932,1
6933,1
6934,1
6935,1
6936,1
6937,0
6938,1
6939,1
6940,0
6941,1
6942,0
6943,0
6944,1
6945,1
6946,0
6947,1
6948,1
6949,1
6950,0
6951,0
6952,0
6953,0
6954,1
6955,1
6956,0
6957,1
6958,1
6959,1
6960,0
6961,0
6962,1
6963,0
6964,1
6965,0
6966,1
6967,0
6968,1
6969,0
6970,0
6971,0
6972,0
6973,1
6974,1
6975,0
6976,0
6977,1
6978,1
6979,1
6980,0
6981,1
6982,1
6983,1
6984,1
6985,0
6986,0
6987,1
6988,0
6989,1
6990,0
6991,0
6992,0
6993,0
6994,1
6995,1
6996,0
6997,0
6998,0
6999,0
7000,1
7001,0
7002,0
7003,0
7004,1
7005,0
7006,1
7007,0
7008,1
7009,0
7010,0
7011,1
7012,0
7013,0
7014,0
7015,0
7016,0
7017,0
7018,0
7019,0
7020,0
7021,1
7022,0
7023,0
7024,0
7025,0
7026,0
7027,0
7028,1
7029,1
7030,0
7031,0
7032,0
7033,0
7034,0
7035,0
7036,0
7037,1
7038,1
7039,0
7040,1
7041,0
7042,1
7043,1
7044,0
7045,0
7046,0
7047,0
7048,0
7049,1
7050,0
7051,1
7052,0
7053,0
7054,0
7055,1
7056,1
7057,1
7058,0
7059,0
7060,0
7061,1
7062,0
7063,1
7064,1
7065,0
7066,1
7067,0
7068,0
7069,0
7070,0
7071,0
7072,0
7073,1
7074,0
7075,0
7076,1
7077,1
7078,1
7079,1
7080,1
7081,0
7082,1
7083,0
7084,1
7085,1
7086,1
7087,0
7088,1
7089,0
7090,0
7091,1
7092,0
7093,0
7094,0
7095,1
7096,0
7097,0
7098,0
7099,1
7100,0
7101,0
7102,0
7103,0
7104,1
7105,1
7106,0
7107,0
7108,0
7109,0
7110,1
7111,1
7112,1
7113,0
7114,1
7115,1
7116,1
7117,0
7118,1
7119,0
7120,0
7121,1
7122,0
7123,1
7124,1
7125,1
7126,1
7127,1
7128,0
7129,1
7130,1
7131,0
7132,0
7133,0
7134,0
7135,0
7136,0
7137,0
7138,0
7139,0
7140,0
7141,0
7142,1
7143,1
7144,0
7145,1
7146,0
7147,1
7148,1
7149,0
7150,0
7151,1
7152,0
7153,0
7154,0
7155,0
7156,0
7157,1
7158,0
7159,0
7160,0
7161,0
7162,0
7163,1
7164,1
7165,0
7166,0
7167,0
7168,0
7169,1
7170,0
7171,1
7172,1
7173,0
7174,1
7175,1
7176,0
7177,0
7178,0
7179,1
7180,0
7181,1
7182,0
7183,1
7184,1
7185,0
7186,1
7187,0
7188,0
7189,0
7190,1
7191,1
7192,0
7193,0
7194,1
7195,0
7196,1
7197,0
7198,0
7199,0
7200,0
7201,1
7202,0
7203,1
7204,1
7205,1
7206,0
7207,0
7208,0
7209,0
7210,1
7211,1
7212,0
7213,1
7214,0
7215,0
7216,0
7217,1
7218,1
7219,0
7220,0
7221,0
7222,0
7223,1
7224,0
7225,0
7226,1
7227,0
7228,1
7229,1
7230,0
7231,1
7232,0
7233,1
7234,1
7235,1
7236,1
7237,1
7238,1
7239,0
7240,0
7241,1
7242,1
7243,1
7244,0
7245,0
7246,0
7247,0
7248,1
7249,0
7250,0
7251,1
7252,1
7253,1
7254,1
7255,0
7256,0
7257,0
7258,0
7259,0
7260,0
7261,0
7262,0
7263,0
7264,0
7265,1
7266,0
7267,1
7268,1
7269,1
7270,0
7271,0
7272,0
7273,0
7274,1
7275,1
7276,0
7277,0
7278,0
7279,1
7280,0
7281,0
7282,0
7283,0
7284,0
7285,0
7286,1
7287,1
7288,0
7289,0
7290,1
7291,1
7292,0
7293,0
7294,1
7295,0
7296,1
7297,1
7298,0
7299,0
7300,1
7301,1
7302,1
7303,1
7304,0
7305,0
7306,1
7307,1
7308,1
7309,0
7310,0
7311,0
7312,1
7313,1
7314,1
7315,1
7316,1
7317,1
7318,0
7319,1
7320,0
7321,0
7322,0
7323,0
7324,1
7325,1
7326,1
7327,0
7328,0
7329,0
7330,0
7331,0
7332,0
7333,0
7334,0
7335,1
7336,1
7337,0
7338,0
7339,0
7340,0
7341,0
7342,0
7343,0
7344,1
7345,0
7346,1
7347,0
7348,1
7349,0
7350,0
7351,0
7352,1
7353,1
7354,1
7355,0
7356,1
7357,0
7358,1
7359,0
7360,0
7361,0
7362,0
7363,0
7364,1
7365,1
7366,1
7367,0
7368,0
7369,0
7370,1
7371,0
7372,1
7373,1
7374,1
7375,1
7376,0
7377,0
7378,0
7379,1
7380,0
7381,0
7382,0
7383,0
7384,1
7385,0
7386,1
7387,1
7388,0
7389,0
7390,1
7391,1
7392,1
7393,0
7394,1
7395,1
7396,1
7397,0
7398,0
7399,0
7400,1
7401,0
7402,1
7403,0
7404,1
7405,1
7406,0
7407,0
7408,0
7409,1
7410,1
7411,1
7412,0
7413,1
7414,0
7415,1
7416,0
7417,0
7418,1
7419,0
7420,0
7421,0
7422,0
7423,1
7424,1
7425,1
7426,1
7427,0
7428,0
7429,0
7430,1
7431,0
7432,1
7433,0
7434,0
7435,1
7436,1
7437,1
7438,1
7439,1
7440,0
7441,0
7442,0
7443,0
7444,1
7445,1
7446,0
7447,0
7448,1
7449,1
7450,1
7451,0
7452,0
7453,0
7454,1
7455,1
7456,0
7457,0
7458,1
7459,1
7460,1
7461,1
7462,0
7463,0
7464,1
7465,0
7466,0
7467,0
7468,1
7469,1
7470,0
7471,0
7472,1
7473,0
7474,1
7475,0
7476,0
7477,0
7478,1
7479,1
7480,1
7481,0
7482,1
7483,0
7484,1
7485,0
7486,1
7487,0
7488,1
7489,1
7490,0
7491,1
7492,0
7493,0
7494,0
7495,0
7496,1
7497,1
7498,0
7499,0
7500,0
7501,1
7502,0
7503,1
7504,0
7505,1
7506,1
7507,1
7508,0
7509,0
7510,0
7511,1
7512,1
7513,1
7514,0
7515,0
7516,1
7517,1
7518,0
7519,0
7520,1
7521,1
7522,0
7523,0
7524,0
7525,1
7526,0
7527,1
7528,0
7529,1
7530,0
7531,1
7532,0
7533,0
7534,1
7535,0
7536,1
7537,0
7538,1
7539,1
7540,1
7541,1
7542,1
7543,0
7544,1
7545,0
7546,0
7547,0
7548,1
7549,1
7550,0
7551,1
7552,1
7553,0
7554,0
7555,1
7556,1
7557,0
7558,1
7559,0
7560,0
7561,1
7562,1
7563,0
7564,1
7565,0
7566,1
7567,1
7568,0
7569,1
7570,0
7571,1
7572,0
7573,1
7574,0
7575,1
7576,0
7577,0
7578,1
7579,0
7580,0
7581,0
7582,0
7583,1
7584,0
7585,0
7586,0
7587,0
7588,1
7589,1
7590,0
7591,1
7592,1
7593,0
7594,1
7595,0
7596,1
7597,0
7598,1
7599,1
7600,0
7601,0
7602,1
7603,1
7604,0
7605,0
7606,0
7607,0
7608,0
7609,1
7610,0
7611,1
7612,0
7613,1
7614,0
7615,0
7616,0
7617,0
7618,0
7619,0
7620,1
7621,1
7622,1
7623,1
7624,1
7625,0
7626,1
7627,0
7628,1
7629,0
7630,1
7631,1
7632,1
7633,0
7634,1
7635,1
7636,0
7637,0
7638,0
7639,1
7640,1
7641,0
7642,1
7643,0
7644,1
7645,0
7646,0
7647,1
7648,0
7649,0
7650,1
7651,0
7652,1
7653,0
7654,0
7655,0
7656,0
7657,0
7658,1
7659,1
7660,0
7661,1
7662,0
7663,0
7664,0
7665,1
7666,0
7667,0
7668,0
7669,1
7670,1
7671,1
7672,0
7673,0
7674,0
7675,0
7676,1
7677,0
7678,0
7679,1
7680,1
7681,0
7682,0
7683,0
7684,1
7685,1
7686,1
7687,0
7688,0
7689,1
7690,0
7691,1
7692,0
7693,0
7694,1
7695,1
7696,1
7697,0
7698,1
7699,1
7700,1
7701,0
7702,1
7703,0
7704,1
7705,1
7706,1
7707,0
7708,0
7709,1
7710,1
7711,1
7712,0
7713,1
7714,1
7715,1
7716,0
7717,0
7718,1
7719,0
7720,0
7721,0
7722,1
7723,1
7724,1
7725,0
7726,0
7727,1
7728,0
7729,0
7730,0
7731,1
7732,1
7733,0
7734,1
7735,0
7736,0
7737,0
7738,0
7739,1
7740,1
7741,0
7742,1
7743,0
7744,1
7745,0
7746,0
7747,1
7748,0
7749,0
7750,1
7751,1
7752,0
7753,0
7754,1
7755,0
7756,0
7757,0
7758,0
7759,0
7760,1
7761,0
7762,0
7763,0
7764,1
7765,0
7766,1
7767,1
7768,0
7769,1
7770,0
7771,0
7772,1
7773,0
7774,0
7775,1
7776,0
7777,0
7778,1
7779,1
7780,0
7781,0
7782,0
7783,0
7784,1
7785,0
7786,1
7787,0
7788,0
7789,0
7790,0
7791,0
7792,0
7793,1
7794,0
7795,0
7796,0
7797,0
7798,0
7799,0
7800,0
7801,0
7802,1
7803,1
7804,0
7805,1
7806,1
7807,0
7808,0
7809,0
7810,1
7811,1
7812,0
7813,1
7814,0
7815,0
7816,0
7817,0
7818,0
7819,1
7820,0
7821,1
7822,0
7823,1
7824,1
7825,0
7826,1
7827,0
7828,0
7829,1
7830,1
7831,1
7832,0
7833,0
7834,1
7835,0
7836,1
7837,0
7838,1
7839,0
7840,0
7841,0
7842,1
7843,0
7844,0
7845,1
7846,0
7847,0
7848,1
7849,1
7850,0
7851,1
7852,0
7853,0
7854,0
7855,1
7856,0
7857,0
7858,1
7859,0
7860,1
7861,0
7862,0
7863,0
7864,0
7865,0
7866,1
7867,0
7868,1
7869,1
7870,1
7871,0
7872,0
7873,1
7874,1
7875,1
7876,0
7877,0
7878,0
7879,0
7880,0
7881,1
7882,1
7883,0
7884,0
7885,0
7886,1
7887,0
7888,0
7889,1
7890,1
7891,0
7892,1
7893,0
7894,0
7895,1
7896,1
7897,0
7898,0
7899,1
7900,0
7901,1
7902,0
7903,1
7904,1
7905,0
7906,0
7907,0
7908,0
7909,1
7910,1
7911,0
7912,0
7913,1
7914,1
7915,0
7916,1
7917,0
7918,1
7919,0
7920,1
7921,0
7922,1
7923,0
7924,0
7925,0
7926,0
7927,1
7928,0
7929,1
7930,0
7931,1
7932,0
7933,1
7934,1
7935,1
7936,0
7937,0
7938,0
7939,0
7940,1
7941,1
7942,1
7943,0
7944,1
7945,0
7946,0
7947,1
7948,0
7949,0
7950,1
7951,0
7952,1
7953,0
7954,0
7955,1
7956,1
7957,0
7958,0
7959,0
7960,1
7961,1
7962,0
7963,0
7964,0
7965,0
7966,1
7967,0
7968,1
7969,1
7970,0
7971,0
7972,1
7973,1
7974,1
7975,0
7976,1
7977,0
7978,0
7979,1
7980,1
7981,1
7982,1
7983,0
7984,1
7985,0
7986,1
7987,0
7988,0
7989,1
7990,1
7991,1
7992,0
7993,1
7994,1
7995,0
7996,0
7997,0
7998,0
7999,0
8000,0
8001,1
8002,0
8003,0
8004,0
8005,1
8006,0
8007,1
8008,1
8009,0
8010,0
8011,1
8012,1
8013,0
8014,1
8015,0
8016,0
8017,1
8018,1
8019,1
8020,1
8021,0
8022,0
8023,0
8024,1
8025,1
8026,1
8027,1
8028,1
8029,0
8030,1
8031,1
8032,0
8033,0
8034,0
8035,1
8036,0
8037,0
8038,1
8039,1
8040,1
8041,1
8042,1
8043,1
8044,0
8045,1
8046,0
8047,1
8048,1
8049,1
8050,0
8051,0
8052,0
8053,0
8054,0
8055,0
8056,0
8057,1
8058,0
8059,1
8060,0
8061,0
8062,0
8063,0
8064,0
8065,0
8066,0
8067,1
8068,0
8069,1
8070,0
8071,0
8072,1
8073,1
8074,0
8075,1
8076,1
8077,0
8078,0
8079,1
8080,0
8081,0
8082,1
8083,1
8084,0
8085,1
8086,0
8087,1
8088,1
8089,0
8090,0
8091,0
8092,1
8093,1
8094,0
8095,1
8096,0
8097,0
8098,1
8099,0
8100,0
8101,0
8102,0
8103,1
8104,0
8105,0
8106,0
8107,0
8108,1
8109,0
8110,1
8111,0
8112,1
8113,0
8114,1
8115,0
8116,1
8117,0
8118,1
8119,1
8120,0
8121,0
8122,1
8123,0
8124,1
8125,1
8126,1
8127,1
8128,0
8129,0
8130,0
8131,0
8132,0
8133,1
8134,1
8135,1
8136,1
8137,1
8138,1
8139,1
8140,0
8141,0
8142,0
8143,0
8144,1
8145,1
8146,1
8147,0
8148,1
8149,0
8150,0
8151,0
8152,1
8153,1
8154,0
8155,0
8156,0
8157,0
8158,1
8159,0
8160,0
8161,0
8162,1
8163,0
8164,1
8165,0
8166,0
8167,0
8168,1
8169,0
8170,0
8171,1
8172,0
8173,0
8174,1
8175,0
8176,0
8177,0
8178,1
8179,0
8180,1
8181,0
8182,1
8183,1
8184,0
8185,0
8186,0
8187,1
8188,0
8189,1
8190,1
8191,0
8192,1
8193,1
8194,1
8195,0
8196,0
8197,1
8198,0
8199,1
8200,1
8201,1
8202,1
8203,0
8204,0
8205,0
8206,0
8207,1
8208,0
8209,0
8210,1
8211,1
8212,1
8213,1
8214,1
8215,0
8216,0
8217,0
8218,0
8219,1
8220,1
8221,0
8222,0
8223,1
8224,1
8225,0
8226,0
8227,0
8228,0
8229,1
8230,0
8231,0
8232,0
8233,0
8234,0
8235,1
8236,0
8237,0
8238,0
8239,0
8240,1
8241,0
8242,0
8243,0
8244,0
8245,1
8246,0
8247,1
8248,0
8249,0
8250,0
8251,0
8252,0
8253,1
8254,0
8255,0
8256,0
8257,1
8258,1
8259,0
8260,1
8261,0
8262,1
8263,1
8264,1
8265,0
8266,0
8267,0
8268,0
8269,1
8270,1
8271,1
8272,0
8273,0
8274,1
8275,1
8276,0
8277,1
8278,0
8279,0
8280,0
8281,1
8282,0
8283,0
8284,0
8285,0
8286,0
8287,0
8288,1
8289,1
8290,1
8291,1
8292,0
8293,0
8294,1
8295,1
8296,0
8297,0
8298,0
8299,1
8300,1
8301,0
8302,1
8303,1
8304,0
8305,1
8306,1
8307,1
8308,0
8309,0
8310,1
8311,0
8312,0
8313,0
8314,1
8315,1
8316,1
8317,0
8318,1
8319,1
8320,1
8321,0
8322,0
8323,0
8324,0
8325,1
8326,1
8327,0
8328,1
8329,1
8330,0
8331,1
8332,0
8333,0
8334,0
8335,0
8336,0
8337,0
8338,0
8339,0
8340,0
8341,0
8342,1
8343,0
8344,0
8345,1
8346,0
8347,0
8348,1
8349,0
8350,0
8351,0
8352,1
8353,0
8354,1
8355,1
8356,1
8357,0
8358,1
8359,0
8360,0
8361,0
8362,1
8363,0
8364,1
8365,0
8366,0
8367,0
8368,1
8369,1
8370,0
8371,1
8372,0
8373,0
8374,0
8375,1
8376,0
8377,1
8378,1
8379,0
8380,0
8381,1
8382,0
8383,1
8384,0
8385,1
8386,1
8387,0
8388,1
8389,0
8390,1
8391,1
8392,0
8393,0
8394,0
8395,0
8396,0
8397,1
8398,0
8399,0
